{
  "accuracy": 0.6701823112852192,
  "roc_auc": 0.6448820912564585,
  "report": {
    "0": {
      "precision": 0.30173812282734647,
      "recall": 0.4881889763779528,
      "f1-score": 0.37295903752506443,
      "support": 2667.0
    },
    "1": {
      "precision": 0.8476392454515013,
      "recall": 0.715942302253229,
      "f1-score": 0.7762445057753246,
      "support": 10607.0
    },
    "accuracy": 0.6701823112852192,
    "macro avg": {
      "precision": 0.5746886841394239,
      "recall": 0.6020656393155909,
      "f1-score": 0.5746017716501945,
      "support": 13274.0
    },
    "weighted avg": {
      "precision": 0.7379572886910205,
      "recall": 0.6701823112852192,
      "f1-score": 0.6952167565043103,
      "support": 13274.0
    }
  }
}